first_name,last_name,address,date_of_birth
Clifford,Scott,6007 Applegate Lane,1994-09-21
Jinna,Hill,8502 Madrone Avenue,1992-04-15
Edward,Carter,109 Summit Street,1990-04-19
Thomas,Robinson,150 Carter Street,1990-11-12
John,Adams,560 Penstock Drive,1993-02-07
Joe,Williams,150 Carter Street,1993-01-25
John,Robinson,150 Carter Street,1993-02-22
Joe,Smith,109 Summit Street,1993-05-26
Joesph,Smith,159 Downey Drive,1993-02-24
Edward,Williams,1364 Capri Drive,1990-09-19
Praveen,Hill,1745 T Street Southeast,1992-10-03
Joesph,Adams,159 Downey Drive,1990-12-15
Joe,Allen,18 Densmore Drive,1992-12-02
Andrew,Scott,2721 Lindsay Avenue,1993-01-20
Thomas,Johnson,1364 Capri Drive,1992-04-08
Andy,Scott,159 Downey Drive,1990-02-28
Clifford,Adams,150 Carter Street,1993-06-06
Joesph,Johnson,2721 Lindsay Avenue,1992-08-02
Andy,Williams,18 Densmore Drive,1992-01-18
Praveen,Walker,109 Summit Street,1992-03-07
Jinna,Adams,1745 T Street Southeast,1990-02-20
Andy,Johnson,560 Penstock Drive,1993-07-10
Jinna,Scott,2721 Lindsay Avenue,1994-10-15
Edward,Williams,560 Penstock Drive,1993-06-11
Joe,Smith,8502 Madrone Avenue,1990-01-25
Praveen,Robinson,159 Downey Drive,1994-09-15
Clifford,Allen,18 Densmore Drive,1994-04-24
Andy,Walker,18 Densmore Drive,1992-08-22
Edward,Walker,560 Penstock Drive,1993-08-15
Joe,Carter,1745 T Street Southeast,1990-03-22
Clifford,Allen,8502 Madrone Avenue,1990-02-02
Joesph,Adams,8502 Madrone Avenue,1990-05-26
Clifford,Smith,159 Downey Drive,1994-01-28
Thomas,Robinson,560 Penstock Drive,1993-02-19
Praveen,Scott,1364 Capri Drive,1990-06-02
John,Robinson,2721 Lindsay Avenue,1992-07-06
Clifford,Allen,150 Carter Street,1994-04-15
Andy,Allen,8502 Madrone Avenue,1993-09-16
Jinna,Johnson,2721 Lindsay Avenue,1994-09-23
Joesph,Carter,1364 Capri Drive,1990-01-01
Praveen,Hill,1364 Capri Drive,1994-07-15
Joesph,Johnson,150 Carter Street,1992-03-20
Thomas,Carter,8502 Madrone Avenue,1990-08-24
Andy,Hill,560 Penstock Drive,1990-01-20
Clifford,Walker,109 Summit Street,1990-07-07
Edward,Carter,1745 T Street Southeast,1993-03-19
Clifford,Robinson,2721 Lindsay Avenue,1990-08-09
Edward,Adams,8502 Madrone Avenue,1990-04-22
Edward,Hill,8502 Madrone Avenue,1990-09-11
Andrew,Hill,150 Carter Street,1992-03-26
Clifford,Robinson,150 Carter Street,1994-01-16
Andy,Williams,1745 T Street Southeast,1994-02-26
Jinna,Smith,6007 Applegate Lane,1992-08-10
Praveen,Robinson,18 Densmore Drive,1993-01-11
Andy,Scott,2721 Lindsay Avenue,1990-12-05
Thomas,Hill,560 Penstock Drive,1993-01-11
Andrew,Allen,18 Densmore Drive,1993-07-06
Thomas,Adams,6007 Applegate Lane,1992-01-17
Edward,Adams,18 Densmore Drive,1990-03-20
Edward,Carter,159 Downey Drive,1994-04-13
Praveen,Williams,8502 Madrone Avenue,1992-01-16
Jinna,Walker,1364 Capri Drive,1990-01-16
Thomas,Adams,2721 Lindsay Avenue,1992-07-08
Clifford,Johnson,109 Summit Street,1992-02-02
Joesph,Walker,1745 T Street Southeast,1992-01-07
Edward,Adams,159 Downey Drive,1992-05-27
Edward,Adams,1745 T Street Southeast,1990-08-19
Andy,Hill,1364 Capri Drive,1994-06-03
Joe,Hill,8502 Madrone Avenue,1993-08-09
Edward,Smith,560 Penstock Drive,1990-04-12
Andrew,Robinson,560 Penstock Drive,1993-11-26
Praveen,Adams,6007 Applegate Lane,1993-08-26
Praveen,Walker,18 Densmore Drive,1993-05-25
Joe,Hill,159 Downey Drive,1990-01-24
Jinna,Walker,6007 Applegate Lane,1990-01-20
Joe,Johnson,18 Densmore Drive,1990-07-03
Thomas,Allen,18 Densmore Drive,1993-10-22
Praveen,Smith,1364 Capri Drive,1994-09-12
Thomas,Smith,159 Downey Drive,1994-04-14
Andrew,Johnson,2721 Lindsay Avenue,1990-10-24
Joesph,Allen,560 Penstock Drive,1990-08-20
Joe,Scott,109 Summit Street,1990-05-13
Joe,Williams,560 Penstock Drive,1990-02-18
Andy,Williams,150 Carter Street,1992-06-21
Andrew,Johnson,560 Penstock Drive,1990-07-25
Edward,Smith,1745 T Street Southeast,1994-07-02
Praveen,Johnson,8502 Madrone Avenue,1992-02-09
Jinna,Hill,1745 T Street Southeast,1992-09-08
Edward,Carter,1364 Capri Drive,1994-08-01
Jinna,Williams,159 Downey Drive,1993-03-18
John,Allen,1745 T Street Southeast,1994-07-27
Jinna,Adams,159 Downey Drive,1994-05-18
Andrew,Johnson,1745 T Street Southeast,1994-02-23
Jinna,Adams,18 Densmore Drive,1993-05-06
Joe,Hill,560 Penstock Drive,1993-11-27
Andrew,Carter,18 Densmore Drive,1992-11-24
John,Williams,1364 Capri Drive,1992-11-16
Praveen,Hill,2721 Lindsay Avenue,1993-02-24
Thomas,Walker,6007 Applegate Lane,1994-09-28
Clifford,Johnson,1364 Capri Drive,1994-07-17
